o_customerID,o_plantID,orderID,orderType,OrderName
9,13,1,"Fluid Connectors","FluidicForce Mechanism"
31,17,2,"Fluid Connectors","FluidicForce Mechanism"
100,2,3,"Fluid Connectors","NanoTech Valve"
83,2,4,"Motion Systems","NanoFlow Meter"
47,2,5,Aeronautics,"FlexiForce Actuator"
47,5,6,"Engineering Materials","PrecisionLink Coupling"
50,23,7,Instrumentation,"NanoMate Adapter"
73,11,8,Aeronautics,"FluidicLink Adapter"
5,26,9,"Fluid Connectors","FlexiTech Adapter"
78,16,10,"Engineering Materials","NanoDrive System"
20,17,11,"Motion Systems","NanoGlide Mechanism"
87,15,12,"Fluid Connectors","HydraPulse Joint"
58,5,13,"Motion Systems","PrecisionMate Sensor"
48,20,14,Aeronautics,"FlexiMotion Actuator"
48,29,15,Instrumentation,"FluidicCeramic Material"
57,17,16,"Fluid Connectors","NanoTrack Indicator"
98,5,17,"Engineering Materials","AeroSteel Alloy"
10,11,18,"Fluid Connectors","NanoScope Analyzer"
74,30,19,"Engineering Materials","FluidicAero Structure"
18,20,20,"Motion Systems","FluidicForce Actuator"
68,11,21,Instrumentation,"AeroGauge Indicator"
47,6,22,Aeronautics,"NanoRotor Blade"
51,13,23,Instrumentation,"FluidicLink Sensor"
41,20,24,"Fluid Connectors","FluidicFlow Recorder"
84,24,25,Aeronautics,"NanoProbe Monitor"
36,27,26,"Motion Systems","AeroWing Component"
32,10,27,"Engineering Materials","MotionMate Mechanism"
15,19,28,"Fluid Connectors","PrecisionFlow Meter"
4,11,29,Aeronautics,"AeroRotor Blade"
95,17,30,Instrumentation,"NanoFlow Transmitter"
24,27,31,"Fluid Connectors","HydraJet Component"
64,17,32,"Motion Systems","FlexiSeal Connector"
67,18,33,"Fluid Connectors","NanoAero Winglet"
50,16,34,Aeronautics,"FlexiProbe Monitor"
72,23,35,"Motion Systems","HydraForce Actuator"
16,19,36,"Fluid Connectors","FluidicFlex Joint"
34,10,37,Instrumentation,"FluidicLink Adapter"
100,16,38,"Engineering Materials","NanoMate Adapter"
34,27,39,"Fluid Connectors","AeroWing Component"
91,1,40,Aeronautics,"HydraWinglet Fuselage"
58,12,41,Instrumentation,"NanoSeal Fitting"
28,11,42,"Engineering Materials","PrecisionComposite Material"
79,22,43,Aeronautics,"AeroCeramic Material"
37,4,44,"Fluid Connectors","NanoTrack Sensor"
89,14,45,"Motion Systems","HydraTrack Transmitter"
63,19,46,"Fluid Connectors","AeroTitanium Material"
26,10,47,Instrumentation,"FlexiFrame Fuselage"
16,26,48,"Motion Systems","MotionFlex Connector"
18,29,49,"Engineering Materials","FluidicFrame Structure"
10,24,50,"Fluid Connectors","PrecisionGrip Joint"
58,28,51,Aeronautics,"NanoSteel Alloy"
23,23,52,Instrumentation,"HydraGlide Actuator"
92,21,53,"Motion Systems","NanoJet Propulsion"
57,1,54,Aeronautics,"HydraTrack System"
12,20,55,"Fluid Connectors","AeroSeal Fitting"
88,16,56,"Engineering Materials","PrecisionScope Sensor"
41,9,57,Instrumentation,"NanoDrive System"
86,21,58,"Fluid Connectors","FlexiRotor Blade"
45,26,59,"Motion Systems","FlexiSeal Fitting"
91,25,60,Aeronautics,"FluidicMotion Mechanism"
9,19,61,Instrumentation,"NanoAero Winglet"
71,19,62,"Motion Systems","NanoProbe Analyzer"
70,8,63,"Fluid Connectors","MotionSync Transmitter"
38,24,64,"Engineering Materials","MotionMate System"
39,2,65,Instrumentation,"PrecisionMate Sensor"
21,19,66,Aeronautics,"NanoRotor Blade"
92,16,67,"Fluid Connectors","AeroSteel Alloy"
91,6,68,"Motion Systems","NanoGlide Mechanism"
90,17,69,Aeronautics,"HydraPulse Joint"
82,21,70,Instrumentation,"PrecisionLink Coupling"
23,24,71,"Fluid Connectors","NanoMate Adapter"
47,20,72,"Engineering Materials","FluidicLink Adapter"
66,25,73,"Motion Systems","FlexiTech Adapter"
29,27,74,Instrumentation,"NanoDrive System"
16,13,75,"Fluid Connectors","NanoGlide Mechanism"
26,5,76,Aeronautics,"HydraPulse Joint"
18,27,77,"Engineering Materials","PrecisionMate Sensor"
31,22,78,"Fluid Connectors","FlexiMotion Actuator"
64,8,79,Instrumentation,"FluidicCeramic Material"
4,2,80,"Motion Systems","NanoTrack Indicator"
47,19,81,Aeronautics,"AeroSteel Alloy"
71,23,82,"Fluid Connectors","NanoScope Analyzer"
74,4,83,"Motion Systems","FluidicAero Structure"
48,7,84,"Engineering Materials","FluidicForce Actuator"
60,1,85,"Fluid Connectors","AeroGauge Indicator"
71,15,86,Instrumentation,"NanoTech Valve"
17,11,87,Aeronautics,"NanoFlow Meter"
79,14,88,"Motion Systems","FlexiForce Actuator"
12,5,89,"Fluid Connectors","PrecisionLink Coupling"
9,14,90,Instrumentation,"FluidicLink Sensor"
40,23,91,Aeronautics,"FluidicFlow Recorder"
51,7,92,"Engineering Materials","NanoProbe Monitor"
92,14,93,"Fluid Connectors","AeroWing Component"
93,17,94,"Motion Systems","MotionMate Mechanism"
62,25,95,Aeronautics,"PrecisionFlow Meter"
68,20,96,"Fluid Connectors","AeroRotor Blade"
53,30,97,Instrumentation,"NanoFlow Transmitter"
99,16,98,"Motion Systems","HydraJet Component"
53,28,99,"Engineering Materials","FlexiSeal Connector"
74,28,100,"Fluid Connectors","NanoAero Winglet"
10,24,101,Aeronautics,"FlexiProbe Monitor"
17,24,102,Instrumentation,"HydraForce Actuator"
41,2,103,"Motion Systems","FluidicFlex Joint"
83,23,104,"Engineering Materials","FluidicLink Adapter"
10,5,105,"Fluid Connectors","NanoMate Adapter"
58,17,106,Aeronautics,"AeroWing Component"
60,7,107,"Fluid Connectors","HydraWinglet Fuselage"
88,18,108,Instrumentation,"NanoSeal Fitting"
67,11,109,"Motion Systems","PrecisionComposite Material"
45,22,110,"Engineering Materials","AeroCeramic Material"
17,16,111,Aeronautics,"NanoTrack Sensor"
100,17,112,"Fluid Connectors","HydraTrack Transmitter"
71,13,113,Instrumentation,"AeroTitanium Material"
82,11,114,"Motion Systems","FlexiFrame Fuselage"
76,6,115,"Engineering Materials","MotionFlex Connector"
24,15,116,Aeronautics,"FluidicFrame Structure"
99,30,117,"Fluid Connectors","PrecisionGrip Joint"
17,18,118,"Motion Systems","NanoSteel Alloy"
56,11,119,"Engineering Materials","HydraGlide Actuator"
65,18,120,Instrumentation,"NanoJet Propulsion"
8,12,121,Aeronautics,"HydraTrack System"
16,22,122,"Fluid Connectors","AeroSeal Fitting"
67,25,123,Instrumentation,"PrecisionScope Sensor"
20,28,124,"Motion Systems","NanoDrive System"
39,24,125,"Engineering Materials","FlexiRotor Blade"
22,22,126,Aeronautics,"FlexiSeal Fitting"
21,21,127,"Fluid Connectors","FluidicMotion Mechanism"
42,26,128,"Motion Systems","NanoAero Winglet"
91,23,129,Aeronautics,"NanoProbe Analyzer"
29,9,130,"Engineering Materials","MotionSync Transmitter"
45,20,131,Instrumentation,"MotionMate System"
67,16,132,"Fluid Connectors","PrecisionMate Sensor"
37,7,133,"Motion Systems","NanoRotor Blade"
11,8,134,"Engineering Materials","AeroSteel Alloy"
33,9,135,Aeronautics,"NanoGlide Mechanism"
26,18,136,"Fluid Connectors","HydraPulse Joint"
82,10,137,"Motion Systems","PrecisionLink Coupling"
71,8,138,Instrumentation,"NanoMate Adapter"
36,10,139,"Engineering Materials","FluidicLink Adapter"
17,25,140,"Fluid Connectors","FlexiTech Adapter"
81,10,141,Aeronautics,"NanoDrive System"
39,23,142,Instrumentation,"NanoGlide Mechanism"
79,7,143,"Fluid Connectors","HydraPulse Joint"
69,23,144,"Motion Systems","PrecisionMate Sensor"
12,23,145,Aeronautics,"FlexiMotion Actuator"
65,16,146,"Fluid Connectors","FluidicCeramic Material"
83,11,147,"Engineering Materials","NanoTrack Indicator"
22,16,148,Instrumentation,"AeroSteel Alloy"
76,12,149,"Motion Systems","NanoScope Analyzer"
75,18,150,"Fluid Connectors","FluidicAero Structure"
20,30,151,Aeronautics,"FluidicForce Actuator"
22,30,152,"Engineering Materials","AeroGauge Indicator"
85,26,153,"Fluid Connectors","NanoTech Valve"
80,24,154,"Motion Systems","NanoFlow Meter"
93,9,155,Aeronautics,"FlexiForce Actuator"
78,10,156,"Fluid Connectors","PrecisionLink Coupling"
44,4,157,Instrumentation,"FluidicLink Sensor"
73,19,158,"Motion Systems","FluidicFlow Recorder"
6,22,159,"Engineering Materials","NanoProbe Monitor"
4,18,160,"Fluid Connectors","AeroWing Component"
11,13,161,Instrumentation,"MotionMate Mechanism"
6,29,162,Aeronautics,"PrecisionFlow Meter"
83,13,163,"Motion Systems","AeroRotor Blade"
99,27,164,"Fluid Connectors","NanoFlow Transmitter"
74,12,165,"Engineering Materials","HydraJet Component"
34,25,166,"Fluid Connectors","FlexiSeal Connector"
84,26,167,Aeronautics,"NanoAero Winglet"
27,5,168,Instrumentation,"FlexiProbe Monitor"
99,10,169,"Motion Systems","HydraForce Actuator"
74,2,170,"Engineering Materials","FluidicFlex Joint"
54,10,171,"Fluid Connectors","FluidicLink Adapter"
80,23,172,Instrumentation,"NanoMate Adapter"
82,3,173,"Motion Systems","AeroWing Component"
4,12,174,Aeronautics,"HydraWinglet Fuselage"
64,30,175,"Fluid Connectors","NanoSeal Fitting"
81,15,176,"Engineering Materials","PrecisionComposite Material"
70,21,177,"Fluid Connectors","AeroCeramic Material"
38,9,178,Aeronautics,"NanoTrack Sensor"
83,24,179,Instrumentation,"HydraTrack Transmitter"
39,16,180,"Motion Systems","AeroTitanium Material"
62,7,181,"Engineering Materials","FlexiFrame Fuselage"
32,7,182,"Fluid Connectors","MotionFlex Connector"
88,27,183,Instrumentation,"FluidicFrame Structure"
52,18,184,Aeronautics,"PrecisionGrip Joint"
39,9,185,"Motion Systems","NanoSteel Alloy"
59,30,186,"Fluid Connectors","HydraGlide Actuator"
10,18,187,"Engineering Materials","NanoJet Propulsion"
89,23,188,"Fluid Connectors","HydraTrack System"
8,9,189,Instrumentation,"AeroSeal Fitting"
21,5,190,Aeronautics,"PrecisionScope Sensor"
57,4,191,"Motion Systems","NanoDrive System"
54,20,192,"Engineering Materials","FlexiRotor Blade"
62,24,193,"Fluid Connectors","FlexiSeal Fitting"
60,19,194,Instrumentation,"FluidicMotion Mechanism"
27,8,195,Aeronautics,"NanoAero Winglet"
44,8,196,"Fluid Connectors","NanoProbe Analyzer"
78,2,197,"Motion Systems","MotionSync Transmitter"
19,22,198,Instrumentation,"MotionMate System"
41,29,199,"Engineering Materials","PrecisionMate Sensor"
92,17,200,"Fluid Connectors","NanoProbe Analyzer"
41,8,201,Aeronautics,"MotionSync Transmitter"
94,21,202,Instrumentation,"MotionMate System"
45,8,203,"Fluid Connectors","PrecisionMate Sensor"
52,2,204,"Motion Systems","NanoProbe Analyzer"
17,4,205,Aeronautics,"MotionSync Transmitter"
98,14,206,"Fluid Connectors","MotionMate System"
48,11,207,"Engineering Materials","PrecisionMate Sensor"
66,23,208,Instrumentation,"NanoProbe Analyzer"
72,16,209,"Motion Systems","MotionSync Transmitter"
14,4,210,"Fluid Connectors","MotionMate System"
41,22,211,Aeronautics,"PrecisionMate Sensor"
31,25,212,"Engineering Materials","NanoProbe Analyzer"
60,5,213,"Fluid Connectors","MotionSync Transmitter"
16,1,214,"Motion Systems","MotionMate System"
35,18,215,Aeronautics,"PrecisionMate Sensor"
58,30,216,"Fluid Connectors","NanoProbe Analyzer"
32,6,217,Instrumentation,"MotionSync Transmitter"
19,14,218,"Motion Systems","MotionMate System"
13,21,219,"Engineering Materials","PrecisionMate Sensor"
7,30,220,"Fluid Connectors","NanoProbe Analyzer"
38,29,221,Instrumentation,"MotionSync Transmitter"
50,29,222,Aeronautics,"MotionMate System"
79,16,223,"Motion Systems","PrecisionMate Sensor"
54,16,224,"Fluid Connectors","NanoProbe Analyzer"
32,21,225,"Engineering Materials","MotionSync Transmitter"
21,7,226,"Fluid Connectors","MotionMate System"
42,25,227,Aeronautics,"PrecisionMate Sensor"
74,10,228,Instrumentation,"NanoProbe Analyzer"
93,11,229,"Motion Systems","MotionSync Transmitter"
41,10,230,"Engineering Materials","MotionMate System"
25,21,231,"Fluid Connectors","PrecisionMate Sensor"
98,2,232,Instrumentation,"NanoProbe Analyzer"
21,30,233,"Motion Systems","MotionSync Transmitter"
64,25,234,Aeronautics,"MotionMate System"
66,3,235,"Fluid Connectors","PrecisionMate Sensor"
60,21,236,"Engineering Materials","NanoProbe Analyzer"
64,19,237,"Fluid Connectors","PrecisionMate Sensor"
40,8,238,Aeronautics,"NanoProbe Analyzer"
64,18,239,Instrumentation,"PrecisionMate Sensor"
3,24,240,"Motion Systems","NanoProbe Analyzer"
12,24,241,"Engineering Materials","PrecisionMate Sensor"
51,28,242,"Fluid Connectors","NanoProbe Analyzer"
65,30,243,Instrumentation,"PrecisionMate Sensor"
59,2,244,Aeronautics,"NanoProbe Analyzer"
31,30,245,"Motion Systems","PrecisionMate Sensor"
28,30,246,"Fluid Connectors","NanoProbe Analyzer"
75,6,247,"Engineering Materials","PrecisionMate Sensor"
46,14,248,"Fluid Connectors","NanoProbe Analyzer"
7,29,249,Instrumentation,"PrecisionMate Sensor"
7,27,250,Aeronautics,"NanoProbe Analyzer"
37,6,251,"Motion Systems","PrecisionMate Sensor"
64,30,252,"Engineering Materials","NanoProbe Analyzer"
77,30,253,"Fluid Connectors","PrecisionMate Sensor"
84,2,254,Instrumentation,"NanoProbe Analyzer"
87,27,255,Aeronautics,"PrecisionMate Sensor"
61,13,256,"Fluid Connectors","NanoProbe Analyzer"
37,26,257,"Motion Systems","PrecisionMate Sensor"
69,16,258,Instrumentation,"NanoProbe Analyzer"
2,6,259,"Engineering Materials","PrecisionMate Sensor"
14,30,260,"Fluid Connectors","NanoProbe Analyzer"
56,24,261,Aeronautics,"PrecisionMate Sensor"
18,28,262,Instrumentation,"NanoProbe Analyzer"
34,30,263,"Fluid Connectors","PrecisionMate Sensor"
94,10,264,"Motion Systems","NanoProbe Analyzer"
47,29,265,Aeronautics,"PrecisionMate Sensor"
98,2,266,"Fluid Connectors","NanoSteel Alloy"
52,1,267,"Engineering Materials","HydraGlide Actuator"
47,10,268,Instrumentation,"NanoJet Propulsion"
6,19,269,"Motion Systems","HydraTrack System"
52,20,270,"Fluid Connectors","AeroSeal Fitting"
7,4,271,Aeronautics,"NanoSteel Alloy"
73,30,272,"Engineering Materials","HydraGlide Actuator"
72,11,273,"Fluid Connectors","NanoJet Propulsion"
25,10,274,"Motion Systems","HydraTrack System"
47,15,275,Aeronautics,"AeroSeal Fitting"
71,21,276,"Fluid Connectors","NanoSteel Alloy"
37,18,277,Instrumentation,"HydraGlide Actuator"
10,17,278,"Motion Systems","NanoJet Propulsion"
50,16,279,"Engineering Materials","HydraTrack System"
65,29,280,"Fluid Connectors","AeroSeal Fitting"
58,5,281,Instrumentation,"NanoSteel Alloy"
98,28,282,Aeronautics,"HydraGlide Actuator"
71,17,283,"Motion Systems","NanoJet Propulsion"
36,15,284,"Fluid Connectors","HydraTrack System"
80,9,285,"Engineering Materials","AeroSeal Fitting"
88,7,286,"Fluid Connectors","HydraForce Actuator"
79,26,287,Aeronautics,"FluidicFlex Joint"
16,4,288,Instrumentation,"FluidicLink Adapter"
17,11,289,"Motion Systems","NanoMate Adapter"
13,6,290,"Engineering Materials","AeroWing Component"
51,24,291,"Fluid Connectors","HydraForce Actuator"
48,15,292,Instrumentation,"FluidicFlex Joint"
44,21,293,"Motion Systems","FluidicLink Adapter"
72,9,294,Aeronautics,"NanoMate Adapter"
47,23,295,"Fluid Connectors","AeroWing Component"
97,6,296,"Engineering Materials","HydraForce Actuator"
19,1,297,"Fluid Connectors","FluidicFlex Joint"
26,24,298,Aeronautics,"FluidicLink Adapter"
78,11,299,Instrumentation,"NanoMate Adapter"
66,26,300,"Motion Systems","AeroWing Component"
